iteration,best_f,iter_best_f,pher_max,pher_avg,pher_min,eval_count
1,178.47682659408693,178.47682659408693,0.40835762492832833,0.4002785874976109,0.4,90
2,171.56949508939073,171.56949508939073,0.17203520033790107,0.16040117334459678,0.16000000000000003,180
3,171.56949508939073,173.8909764828854,0.07750623050173015,0.06445020768339103,0.06400000000000002,270
4,171.56949508939073,175.1969030836487,0.03969464256726179,0.026069821418908734,0.025600000000000008,360
5,171.56949508939073,179.3158848679076,0.024570007393474442,0.010717666913115818,0.010240000000000004,450
6,171.56949508939073,175.158589425846,0.018520153323959503,0.004576805110798652,0.0040960000000000015,540
7,171.56949508939073,180.26753225459817,0.016100211696153527,0.0021204603898717853,0.0016384000000000008,630
8,171.56949508939073,171.86585242926466,0.015132235045031136,0.0014706637075205613,0.001,720
9,171.2122623753767,171.2122623753767,0.014763075159065008,0.0014466048543766432,0.001,810
10,171.2122623753767,175.97956967387023,0.014615411204678557,0.001436981313119076,0.001,900
11,171.2122623753767,176.98136695479263,0.014556345622923975,0.0014337791892343635,0.001,990
12,171.2122623753767,172.7386748603576,0.014532719390222142,0.001443851047062164,0.001,1080
13,171.2122623753767,176.6371111850158,0.014523268897141409,0.0014478797901932845,0.001,1170
14,169.3461740556486,169.3461740556486,0.014614905972296602,0.0014426718631919818,0.001,1260
15,169.3461740556486,173.9726025006691,0.01465156080235868,0.0014405886923914608,0.001,1350
16,169.3461740556486,171.41265302121428,0.014666222734383512,0.0014410027191391521,0.001,1440
17,166.4395060914364,166.4395060914364,0.01482494480100216,0.0014410163975497054,0.001,1530
18,166.4395060914364,167.29296513623675,0.014888437217222193,0.0014410218689139265,0.001,1620
19,166.23605274550073,166.23605274550073,0.014924732721964637,0.0014327731779620355,0.001,1710
20,166.23605274550073,172.85904330835177,0.014939250923861613,0.001441421199020673,0.001,1800
21,166.23605274550073,171.83222216546594,0.014945058204620405,0.0014474683490284816,0.001,1890
22,166.23605274550073,169.55998544493275,0.014947381116923921,0.0014579659341139185,0.001,1980
23,166.23605274550073,168.2721470965495,0.014948310281845328,0.001462164968148093,0.001,2070
24,166.23605274550073,171.42666554519775,0.014948681947813892,0.0014638445817617628,0.001,2160
25,166.23605274550073,168.47877535060758,0.014948830614201316,0.0014645164272072307,0.001,2250
26,166.23605274550073,169.2549595175528,0.014948890080756286,0.0014647851653854177,0.001,2340
27,166.23605274550073,173.11095710273423,0.014948913867378275,0.0014648926606566927,0.001,2430
28,166.23605274550073,167.2892976204319,0.014948923382027069,0.0014649356587652027,0.001,2520
29,166.23605274550073,175.33001551308928,0.014948927187886587,0.0014649528580086067,0.001,2610
30,160.38184080050036,160.38184080050036,0.015274296927104275,0.0014664720116017642,0.001,2700
31,160.38184080050036,170.62687686411581,0.01540444482279135,0.0014670796730390273,0.001,2790
32,160.38184080050036,164.10276819652705,0.015456503981066181,0.0014679961635535362,0.001,2880
33,160.38184080050036,171.80218723416945,0.015477327644376114,0.0014770226671530695,0.001,2970
34,160.38184080050036,166.96179190006538,0.015485657109700086,0.0014806332685928826,0.001,3060
35,160.38184080050036,175.29914541335077,0.015488988895829675,0.0014820775091688083,0.001,3150
36,160.38184080050036,172.20987466609608,0.01549032161028151,0.0014826552053991784,0.001,3240
37,159.59580036527285,159.59580036527285,0.015536347981033441,0.0014757360600570328,0.001,3330
38,159.59580036527285,159.69330776454242,0.015554758529334214,0.0014729684019201745,0.001,3420
39,159.59580036527285,166.02861081564808,0.015562122748654523,0.0014719955925506076,0.001,3510
40,159.59580036527285,169.0511294321694,0.015565068436382647,0.001480138881584271,0.001,3600
41,159.59580036527285,166.9844945251829,0.015566246711473896,0.0014833961971977368,0.001,3690
42,159.59580036527285,167.33532909840892,0.015566718021510396,0.0014846991234431228,0.001,3780
43,159.59580036527285,170.8917709788364,0.015566906545524995,0.0014852202939412773,0.001,3870
44,159.59580036527285,174.80374700561043,0.015566981955130836,0.001485428762140539,0.001,3960
45,159.59580036527285,172.65763899954322,0.015567012118973171,0.0014855121494202438,0.001,4050
46,159.59580036527285,162.24648618981328,0.015567024184510106,0.0014855455043321258,0.001,4140
47,159.59580036527285,167.0380747472391,0.015567029010724879,0.0014855588462968784,0.001,4230
48,159.59580036527285,163.90878965948963,0.015567030941210789,0.0014855641830827798,0.001,4320
49,159.59580036527285,165.0532503661122,0.015567031713405153,0.0014855663177971402,0.001,4410
50,159.59580036527285,172.98106741691836,0.0155670320222829,0.0014855671716828842,0.001,4500
51,159.59580036527285,160.47997349008008,0.015567032145833997,0.0014855675132371818,0.001,4590
52,159.59580036527285,170.65303371087947,0.015567032195254436,0.0014855676498589008,0.001,4680
53,159.59580036527285,174.32428685820145,0.015567032215022612,0.0014855677045075885,0.001,4770
54,159.59580036527285,171.2334706261988,0.015567032222929883,0.0014855677263670634,0.001,4860
55,159.59580036527285,163.27754515539297,0.01556703222609279,0.0014855677351108536,0.001,4950
56,159.59580036527285,163.98086660150938,0.015567032227357953,0.0014855677386083695,0.001,5040
57,159.59580036527285,165.04370237950306,0.015567032227864019,0.001485567740007376,0.001,5130
58,159.59580036527285,169.69972898420036,0.015567032228066446,0.0014855677405669785,0.001,5220
59,159.59580036527285,165.1378685965156,0.015567032228147416,0.0014855677407908194,0.001,5310
60,159.59580036527285,165.4038523281767,0.015567032228179803,0.001485567740880356,0.001,5400
61,159.59580036527285,163.5584136611504,0.015567032228192758,0.0014855677409161706,0.001,5490
62,159.59580036527285,167.98791455049025,0.015567032228197941,0.0014855677409304963,0.001,5580
63,159.59580036527285,167.98347297690316,0.015567032228200014,0.0014855677409362266,0.001,5670
64,159.59580036527285,166.04428009457322,0.015567032228200843,0.0014855677409385186,0.001,5760
65,159.59580036527285,164.57040756264607,0.015567032228201175,0.0014855677409394358,0.001,5850
66,159.59580036527285,166.0738567361646,0.015567032228201307,0.0014855677409398025,0.001,5940
67,159.59580036527285,170.6068066035202,0.01556703222820136,0.001485567740939949,0.001,6030
68,159.59580036527285,165.6023534439197,0.015567032228201381,0.0014855677409400078,0.001,6120
69,159.59580036527285,173.74135384592208,0.01556703222820139,0.0014855677409400315,0.001,6210
70,159.59580036527285,169.66135341324926,0.015567032228201393,0.001485567740940041,0.001,6300
71,159.59580036527285,170.8222507546879,0.015567032228201395,0.0014855677409400443,0.001,6390
72,159.59580036527285,170.76922495876607,0.015567032228201395,0.0014855677409400458,0.001,6480
73,159.59580036527285,170.38332294396326,0.015567032228201395,0.0014855677409400467,0.001,6570
74,159.59580036527285,167.55406791743923,0.015567032228201395,0.0014855677409400469,0.001,6660
75,159.59580036527285,165.19465658208483,0.015567032228201395,0.0014855677409400469,0.001,6750
76,159.59580036527285,169.2225963074919,0.015567032228201395,0.0014855677409400469,0.001,6840
77,159.59580036527285,167.39901068999748,0.015567032228201395,0.0014855677409400469,0.001,6930
78,159.59580036527285,174.63254726873316,0.015567032228201395,0.0014855677409400469,0.001,7020
79,159.59580036527285,167.44781478269445,0.015567032228201395,0.0014855677409400469,0.001,7110
80,159.59580036527285,163.30778800398312,0.015567032228201395,0.0014855677409400469,0.001,7200
81,159.59580036527285,167.52575245829343,0.015567032228201395,0.0014855677409400469,0.001,7290
82,159.59580036527285,162.82609611321354,0.015567032228201395,0.0014855677409400469,0.001,7380
83,159.59580036527285,163.96823977152187,0.015567032228201395,0.0014855677409400469,0.001,7470
84,159.59580036527285,170.16552254359152,0.015567032228201395,0.0014855677409400469,0.001,7560
85,159.59580036527285,169.7693052312926,0.015567032228201395,0.0014855677409400469,0.001,7650
86,159.59580036527285,162.88159516643327,0.015567032228201395,0.0014855677409400469,0.001,7740
87,159.59580036527285,169.40098385157444,0.015567032228201395,0.0014855677409400469,0.001,7830
88,159.59580036527285,162.1943906526108,0.015567032228201395,0.0014855677409400469,0.001,7920
89,159.59580036527285,168.90677919451423,0.015567032228201395,0.0014855677409400469,0.001,8010
90,159.59580036527285,168.6887614301089,0.015567032228201395,0.0014855677409400469,0.001,8100
91,159.59580036527285,169.92785328190035,0.015567032228201395,0.0014855677409400469,0.001,8190
92,159.59580036527285,168.39123233749214,0.015567032228201395,0.0014855677409400469,0.001,8280
93,159.59580036527285,160.3142628013518,0.015567032228201395,0.0014855677409400469,0.001,8370
94,159.59580036527285,171.75239555949594,0.015567032228201395,0.0014855677409400469,0.001,8460
95,159.59580036527285,169.00127465712268,0.015567032228201395,0.0014855677409400469,0.001,8550
96,159.59580036527285,169.29431514476445,0.015567032228201395,0.0014855677409400469,0.001,8640
97,159.59580036527285,161.73949963000018,0.015567032228201395,0.0014855677409400469,0.001,8730
98,159.59580036527285,169.4440446343,0.015567032228201395,0.0014855677409400469,0.001,8820
99,159.59580036527285,173.67254024897565,0.015567032228201395,0.0014855677409400469,0.001,8910
100,159.59580036527285,170.39628665760242,0.015567032228201395,0.0014855677409400469,0.001,9000
101,159.59580036527285,170.7923871888201,0.015567032228201395,0.0014855677409400469,0.001,9090
102,159.59580036527285,160.61182629704103,0.015567032228201395,0.0014855677409400469,0.001,9180
103,159.59580036527285,171.97485405314583,0.015567032228201395,0.0014855677409400469,0.001,9270
104,159.59580036527285,170.85545494185436,0.015567032228201395,0.0014855677409400469,0.001,9360
105,159.59580036527285,169.76820493437106,0.015567032228201395,0.0014855677409400469,0.001,9450
106,159.59580036527285,170.77059775395546,0.015567032228201395,0.0014855677409400469,0.001,9540
107,159.59580036527285,171.86417662452118,0.015567032228201395,0.0014855677409400469,0.001,9630
108,159.59580036527285,168.04324580904816,0.015567032228201395,0.0014855677409400469,0.001,9720
109,159.59580036527285,163.2091517348023,0.015567032228201395,0.0014855677409400469,0.001,9810
110,159.59580036527285,165.98608994594875,0.015567032228201395,0.0014855677409400469,0.001,9900
111,159.46203835578126,159.46203835578126,0.015574818284769046,0.0014724939428256356,0.001,9990
112,159.46203835578126,173.1118294777762,0.015577932707396106,0.0014672644235798706,0.001,10080
113,159.46203835578126,163.9279393336207,0.01557917847644693,0.0014652550589347895,0.001,10170
114,159.46203835578126,166.0501035534919,0.01557967678406726,0.0014777022033568654,0.001,10260
115,159.46203835578126,172.12341097250976,0.015579876107115392,0.001482681061125696,0.001,10350
116,159.46203835578126,165.83398181542566,0.015579955836334645,0.0014846726042332284,0.001,10440
117,159.46203835578126,166.22771979843225,0.015579987728022347,0.001485469221476241,0.001,10530
118,159.46203835578126,170.9958039885661,0.015580000484697428,0.0014857878683734462,0.001,10620
119,159.46203835578126,165.63622149174998,0.01558000558736746,0.0014859153271323284,0.001,10710
120,159.46203835578126,172.2137187070008,0.015580007628435472,0.0014859663106358812,0.001,10800
121,159.46203835578126,166.80742998243926,0.015580008444862677,0.0014859867040373023,0.001,10890
122,159.46203835578126,171.77356451895582,0.015580008771433559,0.0014859948613978706,0.001,10980
123,159.46203835578126,162.6108351063187,0.01558000890206191,0.0014859981243420981,0.001,11070
124,159.46203835578126,165.50311518681931,0.015580008954313253,0.0014859994295197889,0.001,11160
125,159.46203835578126,161.20634938890998,0.01558000897521379,0.0014859999515908658,0.001,11250
126,159.46203835578126,166.62698161397486,0.015580008983574003,0.0014860001604192958,0.001,11340
127,159.46203835578126,166.31996720979367,0.015580008986918088,0.0014860002439506682,0.001,11430
128,159.46203835578126,165.39634086130349,0.015580008988255723,0.001486000277363217,0.001,11520
129,159.46203835578126,170.2185980150312,0.015580008988790778,0.0014860002907282367,0.001,11610
130,159.46203835578126,168.6029611468382,0.0155800089890048,0.0014860002960742445,0.001,11700
131,159.46203835578126,166.54731520163187,0.015580008989090408,0.0014860002982126478,0.001,11790
132,159.46203835578126,169.01635776032404,0.015580008989124651,0.001486000299068009,0.001,11880
133,159.46203835578126,168.00377734831605,0.015580008989138349,0.0014860002994101535,0.001,11970
134,159.46203835578126,167.57923454111307,0.015580008989143829,0.0014860002995470112,0.001,12060
135,159.46203835578126,167.2835790910503,0.01558000898914602,0.0014860002996017543,0.001,12150
136,159.46203835578126,169.90189989090646,0.015580008989146896,0.0014860002996236515,0.001,12240
137,159.46203835578126,168.13677569559846,0.015580008989147246,0.0014860002996324104,0.001,12330
138,159.46203835578126,167.61242447847073,0.015580008989147387,0.0014860002996359143,0.001,12420
139,159.46203835578126,165.8294471638415,0.015580008989147444,0.0014860002996373155,0.001,12510
140,159.46203835578126,163.87034903193302,0.015580008989147465,0.001486000299637876,0.001,12600
141,159.46203835578126,166.67854470994516,0.015580008989147475,0.0014860002996381003,0.001,12690
142,159.46203835578126,167.61616638091158,0.015580008989147479,0.00148600029963819,0.001,12780
143,159.46203835578126,169.7424112068653,0.015580008989147479,0.0014860002996382258,0.001,12870
144,159.46203835578126,169.9076104056849,0.015580008989147479,0.0014860002996382403,0.001,12960
145,159.46203835578126,168.0320987105078,0.015580008989147479,0.0014860002996382458,0.001,13050
146,159.46203835578126,169.6064332567004,0.015580008989147479,0.0014860002996382481,0.001,13140
147,159.46203835578126,161.05264555873026,0.015580008989147479,0.0014860002996382492,0.001,13230
148,159.46203835578126,161.54216710275801,0.015580008989147479,0.0014860002996382497,0.001,13320
149,159.46203835578126,169.95115330767865,0.015580008989147479,0.0014860002996382497,0.001,13410
150,159.46203835578126,171.30261734716106,0.015580008989147479,0.0014860002996382497,0.001,13500
151,159.46203835578126,163.54570185742907,0.015580008989147479,0.0014860002996382497,0.001,13590
152,159.46203835578126,164.44141345002333,0.015580008989147479,0.0014860002996382497,0.001,13680
153,159.46203835578126,169.71304123968827,0.015580008989147479,0.0014860002996382497,0.001,13770
154,159.46203835578126,161.0577144899667,0.015580008989147479,0.0014860002996382497,0.001,13860
155,159.46203835578126,171.08520023955867,0.015580008989147479,0.0014860002996382497,0.001,13950
156,159.46203835578126,169.21309111748042,0.015580008989147479,0.0014860002996382497,0.001,14040
157,159.46203835578126,164.7358635995462,0.015580008989147479,0.0014860002996382497,0.001,14130
158,159.46203835578126,168.68225465205518,0.015580008989147479,0.0014860002996382497,0.001,14220
159,159.46203835578126,165.89220671834767,0.015580008989147479,0.0014860002996382497,0.001,14310
160,159.46203835578126,169.01434290750018,0.015580008989147479,0.0014860002996382497,0.001,14400
161,159.46203835578126,160.0358261860531,0.015580008989147479,0.0014860002996382497,0.001,14490
162,159.46203835578126,175.3830716027636,0.015580008989147479,0.0014860002996382497,0.001,14580
163,159.46203835578126,160.16045071020966,0.015580008989147479,0.0014860002996382497,0.001,14670
164,159.46203835578126,162.89192900021357,0.015580008989147479,0.0014860002996382497,0.001,14760
165,159.46203835578126,164.2818568079623,0.015580008989147479,0.0014860002996382497,0.001,14850
166,159.46203835578126,161.56410080946102,0.015580008989147479,0.0014860002996382497,0.001,14940
167,159.46203835578126,165.37169268837766,0.015580008989147479,0.0014860002996382497,0.001,15030
168,159.46203835578126,169.18920745636325,0.015580008989147479,0.0014860002996382497,0.001,15120
169,159.46203835578126,164.9641523199595,0.015580008989147479,0.0014860002996382497,0.001,15210
170,159.46203835578126,166.76831798739838,0.015580008989147479,0.0014860002996382497,0.001,15300
171,159.46203835578126,169.76618475045254,0.015580008989147479,0.0014860002996382497,0.001,15390
172,159.46203835578126,166.1910393310774,0.015580008989147479,0.0014860002996382497,0.001,15480
173,159.46203835578126,168.4010827521568,0.015580008989147479,0.0014860002996382497,0.001,15570
174,159.46203835578126,166.19146332398952,0.015580008989147479,0.0014860002996382497,0.001,15660
175,159.46203835578126,163.08688818629142,0.015580008989147479,0.0014860002996382497,0.001,15750
176,159.46203835578126,167.85290199008085,0.015580008989147479,0.0014860002996382497,0.001,15840
177,159.46203835578126,168.05647229244505,0.015580008989147479,0.0014860002996382497,0.001,15930
178,159.46203835578126,169.1851505867436,0.015580008989147479,0.0014860002996382497,0.001,16020
179,159.46203835578126,164.37367804127916,0.015580008989147479,0.0014860002996382497,0.001,16110
180,159.46203835578126,167.1273546070216,0.015580008989147479,0.0014860002996382497,0.001,16200
181,159.46203835578126,167.54150500725365,0.015580008989147479,0.0014860002996382497,0.001,16290
182,159.46203835578126,167.51351466799576,0.015580008989147479,0.0014860002996382497,0.001,16380
183,159.46203835578126,173.9353398574846,0.015580008989147479,0.0014860002996382497,0.001,16470
184,159.46203835578126,170.3151618470927,0.015580008989147479,0.0014860002996382497,0.001,16560
185,159.46203835578126,169.77311784831497,0.015580008989147479,0.0014860002996382497,0.001,16650
186,158.58063929442847,158.58063929442847,0.015631640084346567,0.0014790546694782194,0.001,16740
187,158.58063929442847,166.94091490880675,0.0156522925224262,0.001476276417414207,0.001,16830
188,158.58063929442847,163.9580292162159,0.015660553497658054,0.0014752067082786347,0.001,16920
189,158.58063929442847,162.11402127039779,0.015663857887750796,0.00148340389960104,0.001,17010
190,158.58063929442847,166.75883871802984,0.015665179643787892,0.0014866827761300019,0.001,17100
191,158.58063929442847,168.5632066697386,0.015665708346202734,0.0014879943267415868,0.001,17190
192,158.58063929442847,167.26681110020405,0.015665919827168667,0.0014885189469862206,0.001,17280
193,158.58063929442847,169.55848078100775,0.01566600441955504,0.0014887287950840742,0.001,17370
194,158.58063929442847,163.91354783058705,0.01566603825650959,0.001488812734323216,0.001,17460
195,158.58063929442847,167.2769655012091,0.01566605179129141,0.0014888463100188722,0.001,17550
196,158.58063929442847,165.39250243612832,0.01566605720520414,0.0014888597402971352,0.001,17640
197,158.58063929442847,162.67363931688922,0.01566605937076923,0.00148886511240844,0.001,17730
198,158.58063929442847,173.19958113045578,0.015666060236995266,0.001488867261252962,0.001,17820
199,158.58063929442847,168.3841225416927,0.01566606058348568,0.001488868120790771,0.001,17910
200,158.58063929442847,164.97112146474137,0.015666060722081848,0.0014888684646058945,0.001,18000
201,158.58063929442847,162.87636351581378,0.015666060777520315,0.0014888686021319439,0.001,18090
202,158.58063929442847,166.39741908420035,0.0156660607996957,0.0014888686571423637,0.001,18180
203,158.58063929442847,166.22588228689145,0.015666060808565856,0.0014888686791465315,0.001,18270
204,158.58063929442847,169.79516267494543,0.015666060812113917,0.0014888686879481986,0.001,18360
205,158.58063929442847,170.79869478527158,0.01566606081353314,0.0014888686914688654,0.001,18450
206,158.58063929442847,166.5996396915649,0.01566606081410083,0.0014888686928771324,0.001,18540
207,158.58063929442847,167.06871511861203,0.015666060814327906,0.0014888686934404391,0.001,18630
208,158.58063929442847,159.7523183229636,0.015666060814418736,0.001488868693665762,0.001,18720
209,158.58063929442847,170.83758578753637,0.01566606081445507,0.0014888686937558908,0.001,18810
210,158.58063929442847,166.6072269450391,0.015666060814469602,0.0014888686937919425,0.001,18900
211,158.58063929442847,169.23367419534083,0.015666060814475413,0.001488868693806363,0.001,18990
212,158.58063929442847,168.7417349674213,0.015666060814477738,0.0014888686938121312,0.001,19080
213,158.58063929442847,163.7739951866726,0.015666060814478668,0.0014888686938144384,0.001,19170
214,158.58063929442847,169.89137936519072,0.015666060814479042,0.0014888686938153617,0.001,19260
215,158.58063929442847,167.98989159653027,0.01566606081447919,0.0014888686938157307,0.001,19350
216,158.58063929442847,166.54528116937473,0.01566606081447925,0.0014888686938158784,0.001,19440
217,158.58063929442847,163.77281673430738,0.015666060814479275,0.0014888686938159376,0.001,19530
218,158.58063929442847,168.59067740553297,0.015666060814479285,0.0014888686938159612,0.001,19620
219,158.58063929442847,166.73453824340234,0.01566606081447929,0.0014888686938159706,0.001,19710
220,158.58063929442847,169.70724389226564,0.015666060814479292,0.0014888686938159745,0.001,19800
221,158.58063929442847,162.88993967835398,0.015666060814479292,0.0014888686938159758,0.001,19890
222,158.58063929442847,160.99492879841216,0.015666060814479292,0.0014888686938159764,0.001,19980
223,158.58063929442847,167.2452581717165,0.015666060814479292,0.0014888686938159764,0.001,20070
224,158.58063929442847,163.088550881118,0.015666060814479292,0.0014888686938159769,0.001,20160
225,158.58063929442847,165.86710256764235,0.015666060814479292,0.001488868693815977,0.001,20250
226,158.58063929442847,160.6208349752839,0.015666060814479292,0.001488868693815977,0.001,20340
227,158.58063929442847,161.1935001511369,0.015666060814479292,0.001488868693815977,0.001,20430
228,158.58063929442847,165.35253386563062,0.015666060814479292,0.001488868693815977,0.001,20520
229,158.58063929442847,168.70930521658235,0.015666060814479292,0.001488868693815977,0.001,20610
230,158.58063929442847,161.61824908059012,0.015666060814479292,0.001488868693815977,0.001,20700
231,158.58063929442847,164.75523689018246,0.015666060814479292,0.001488868693815977,0.001,20790
232,158.58063929442847,169.25639572895403,0.015666060814479292,0.001488868693815977,0.001,20880
233,158.58063929442847,165.52137344019454,0.015666060814479292,0.001488868693815977,0.001,20970
234,158.58063929442847,167.20325437752734,0.015666060814479292,0.001488868693815977,0.001,21060
235,158.58063929442847,167.17959627415206,0.015666060814479292,0.001488868693815977,0.001,21150
236,158.58063929442847,163.33029357185632,0.015666060814479292,0.001488868693815977,0.001,21240
237,158.58063929442847,166.30305800354867,0.015666060814479292,0.001488868693815977,0.001,21330
238,158.58063929442847,160.70563712305204,0.015666060814479292,0.001488868693815977,0.001,21420
239,158.58063929442847,166.4229858970225,0.015666060814479292,0.001488868693815977,0.001,21510
240,158.58063929442847,166.37896809997213,0.015666060814479292,0.001488868693815977,0.001,21600
241,158.58063929442847,166.24831758304146,0.015666060814479292,0.001488868693815977,0.001,21690
242,158.58063929442847,162.59751341194084,0.015666060814479292,0.001488868693815977,0.001,21780
243,158.58063929442847,162.29055503611784,0.015666060814479292,0.001488868693815977,0.001,21870
244,158.58063929442847,162.9304338900747,0.015666060814479292,0.001488868693815977,0.001,21960
245,158.58063929442847,165.75413127139836,0.015666060814479292,0.001488868693815977,0.001,22050
246,158.58063929442847,166.10905825867468,0.015666060814479292,0.001488868693815977,0.001,22140
247,158.58063929442847,169.56556290882128,0.015666060814479292,0.001488868693815977,0.001,22230
248,158.58063929442847,169.78574896070603,0.015666060814479292,0.001488868693815977,0.001,22320
249,158.58063929442847,160.22784463758433,0.015666060814479292,0.001488868693815977,0.001,22410
250,158.58063929442847,161.27750221323492,0.015666060814479292,0.001488868693815977,0.001,22500
251,158.58063929442847,163.19355254573213,0.015666060814479292,0.001488868693815977,0.001,22590
252,158.58063929442847,168.516466705492,0.015666060814479292,0.001488868693815977,0.001,22680
253,158.58063929442847,169.96729890666168,0.015666060814479292,0.001488868693815977,0.001,22770
254,158.58063929442847,164.35331267386732,0.015666060814479292,0.001488868693815977,0.001,22860
255,158.58063929442847,168.66371171005568,0.015666060814479292,0.001488868693815977,0.001,22950
256,158.58063929442847,166.03660779603996,0.015666060814479292,0.001488868693815977,0.001,23040
257,158.58063929442847,163.99027475887482,0.015666060814479292,0.001488868693815977,0.001,23130
258,158.58063929442847,162.3019094063473,0.015666060814479292,0.001488868693815977,0.001,23220
259,158.58063929442847,165.61199716939794,0.015666060814479292,0.001488868693815977,0.001,23310
260,158.58063929442847,164.60059473467655,0.015666060814479292,0.001488868693815977,0.001,23400
261,158.58063929442847,168.68327461773592,0.015666060814479292,0.001488868693815977,0.001,23490
262,158.58063929442847,165.5292478810499,0.015666060814479292,0.001488868693815977,0.001,23580
263,158.58063929442847,163.6883495023166,0.015666060814479292,0.001488868693815977,0.001,23670
264,158.58063929442847,168.20323589635726,0.015666060814479292,0.001488868693815977,0.001,23760
265,158.58063929442847,168.11698610797794,0.015666060814479292,0.001488868693815977,0.001,23850
266,158.58063929442847,166.8999379950699,0.015666060814479292,0.001488868693815977,0.001,23940
267,158.58063929442847,163.25488558822582,0.015666060814479292,0.001488868693815977,0.001,24030
268,158.58063929442847,164.7754188592158,0.015666060814479292,0.001488868693815977,0.001,24120
269,158.58063929442847,167.66195324154853,0.015666060814479292,0.001488868693815977,0.001,24210
270,158.58063929442847,165.28606168465015,0.015666060814479292,0.001488868693815977,0.001,24300
271,158.58063929442847,163.80150398273952,0.015666060814479292,0.001488868693815977,0.001,24390
272,158.58063929442847,165.50903344314233,0.015666060814479292,0.001488868693815977,0.001,24480
273,158.58063929442847,168.0138796531202,0.015666060814479292,0.001488868693815977,0.001,24570
274,158.58063929442847,171.74069692679154,0.015666060814479292,0.001488868693815977,0.001,24660
275,153.25461829758117,153.25461829758117,0.015990606438163007,0.0014903535479387673,0.001,24750
276,153.25461829758117,167.5871286684227,0.016120424687636494,0.0014909474895878835,0.001,24840
277,153.25461829758117,161.17854161973352,0.01617235198742589,0.00149118506624753,0.001,24930
278,153.25461829758117,168.46759955159496,0.016193122907341647,0.001500597078915934,0.001,25020
279,153.25461829758117,168.2452522575779,0.01620143127530795,0.0015043782353120836,0.001,25110
280,153.25461829758117,170.2840728236888,0.01620475462249447,0.0015058906978705434,0.001,25200
281,153.25461829758117,156.2026699259083,0.016206083961369078,0.0015064956828939272,0.001,25290
282,153.25461829758117,160.0888648503724,0.016206615696918922,0.0015067376769032808,0.001,25380
283,153.25461829758117,163.19422469572046,0.01620682839113886,0.0015068344745070225,0.001,25470
284,153.25461829758117,160.81739098961023,0.016206913468826835,0.0015068731935485187,0.001,25560
285,153.25461829758117,166.3696716095305,0.016206947499902025,0.0015068886811651174,0.001,25650
286,153.25461829758117,164.30972172034456,0.0162069611123321,0.0015068948762117567,0.001,25740
287,153.25461829758117,168.42159248924827,0.01620696655730413,0.0015068973542304127,0.001,25830
288,153.25461829758117,167.94280227506246,0.016206968735292943,0.0015068983454378751,0.001,25920
289,153.25461829758117,166.78235491118528,0.01620696960648847,0.00150689874192086,0.001,26010
290,153.25461829758117,171.1687687590203,0.016206969954966677,0.001506898900514054,0.001,26100
291,153.25461829758117,160.37077307212772,0.01620697009435796,0.0015068989639513313,0.001,26190
292,153.25461829758117,166.25743601623978,0.016206970150114474,0.0015068989893262425,0.001,26280
293,153.25461829758117,166.52380040232475,0.01620697017241708,0.001506898999476207,0.001,26370
294,153.25461829758117,163.7928794570481,0.016206970181338123,0.0015068990035361927,0.001,26460
295,153.25461829758117,157.20956391838857,0.01620697018490654,0.0015068990051601869,0.001,26550
296,153.25461829758117,161.26468252458343,0.016206970186333908,0.0015068990058097849,0.001,26640
297,153.25461829758117,161.53057680610547,0.016206970186904854,0.0015068990060696239,0.001,26730
298,153.25461829758117,169.42917936307097,0.016206970187133234,0.0015068990061735594,0.001,26820
299,153.25461829758117,162.52482267192067,0.016206970187224584,0.0015068990062151336,0.001,26910
300,153.25461829758117,166.8552131577558,0.016206970187261124,0.0015068990062317633,0.001,27000
301,153.25461829758117,170.06339256894216,0.01620697018727574,0.0015068990062384153,0.001,27090
302,153.25461829758117,165.54134512357166,0.016206970187281587,0.0015068990062410761,0.001,27180
303,153.25461829758117,167.94260137255318,0.016206970187283926,0.0015068990062421402,0.001,27270
304,153.25461829758117,167.9092650014497,0.016206970187284862,0.001506899006242566,0.001,27360
305,153.25461829758117,171.5811144902603,0.016206970187285237,0.0015068990062427363,0.001,27450
306,153.25461829758117,167.21519561060302,0.016206970187285386,0.0015068990062428044,0.001,27540
307,153.25461829758117,168.0166154549501,0.016206970187285445,0.001506899006242832,0.001,27630
308,153.25461829758117,166.90831100681473,0.01620697018728547,0.0015068990062428425,0.001,27720
309,153.25461829758117,167.8044633412419,0.01620697018728548,0.0015068990062428469,0.001,27810
310,153.25461829758117,166.93824600924404,0.016206970187285483,0.0015068990062428488,0.001,27900
311,153.25461829758117,166.43676300064328,0.016206970187285483,0.0015068990062428492,0.001,27990
312,153.25461829758117,159.80117461586468,0.016206970187285483,0.0015068990062428497,0.001,28080
313,153.25461829758117,167.86896559232906,0.016206970187285483,0.0015068990062428497,0.001,28170
314,153.25461829758117,164.2069513687666,0.016206970187285483,0.0015068990062428497,0.001,28260
315,153.25461829758117,171.14850408475968,0.016206970187285483,0.0015068990062428497,0.001,28350
316,153.25461829758117,169.6670686715936,0.016206970187285483,0.0015068990062428497,0.001,28440
317,153.25461829758117,162.30412293609265,0.016206970187285483,0.0015068990062428497,0.001,28530
318,153.25461829758117,165.08334640755535,0.016206970187285483,0.0015068990062428497,0.001,28620
319,153.25461829758117,169.41805652917827,0.016206970187285483,0.0015068990062428497,0.001,28710
320,153.25461829758117,165.96833333634194,0.016206970187285483,0.0015068990062428497,0.001,28800
321,153.25461829758117,163.59840965375082,0.016206970187285483,0.0015068990062428497,0.001,28890
322,153.25461829758117,169.38236943751605,0.016206970187285483,0.0015068990062428497,0.001,28980
323,153.25461829758117,169.35508663090073,0.016206970187285483,0.0015068990062428497,0.001,29070
324,153.25461829758117,167.71998319942674,0.016206970187285483,0.0015068990062428497,0.001,29160
325,153.25461829758117,166.69162789347604,0.016206970187285483,0.0015068990062428497,0.001,29250
326,153.25461829758117,163.85550550226088,0.016206970187285483,0.0015068990062428497,0.001,29340
327,153.25461829758117,166.28711161864973,0.016206970187285483,0.0015068990062428497,0.001,29430
328,153.25461829758117,163.74114466623337,0.016206970187285483,0.0015068990062428497,0.001,29520
329,153.25461829758117,165.1538910215212,0.016206970187285483,0.0015068990062428497,0.001,29610
330,153.25461829758117,158.8286105648097,0.016206970187285483,0.0015068990062428497,0.001,29700
331,153.25461829758117,157.98901050728676,0.016206970187285483,0.0015068990062428497,0.001,29790
332,153.25461829758117,160.52719148162782,0.016206970187285483,0.0015068990062428497,0.001,29880
333,153.25461829758117,167.3661705464216,0.016206970187285483,0.0015068990062428497,0.001,29970
334,153.25461829758117,169.55229785353387,0.016206970187285483,0.0015068990062428497,0.001,30060
335,153.25461829758117,171.9319316678737,0.016206970187285483,0.0015068990062428497,0.001,30150
336,153.25461829758117,165.14939072209862,0.016206970187285483,0.0015068990062428497,0.001,30240
337,153.25461829758117,165.39435662609068,0.016206970187285483,0.0015068990062428497,0.001,30330
338,153.25461829758117,162.77547925329708,0.016206970187285483,0.0015068990062428497,0.001,30420
339,153.25461829758117,162.8496202021344,0.016206970187285483,0.0015068990062428497,0.001,30510
340,153.25461829758117,166.66303493003159,0.016206970187285483,0.0015068990062428497,0.001,30600
341,153.25461829758117,157.5634883655119,0.016206970187285483,0.0015068990062428497,0.001,30690
342,153.25461829758117,166.9640701597491,0.016206970187285483,0.0015068990062428497,0.001,30780
343,153.25461829758117,167.29714415417766,0.016206970187285483,0.0015068990062428497,0.001,30870
344,153.25461829758117,168.9691488555833,0.016206970187285483,0.0015068990062428497,0.001,30960
345,153.25461829758117,169.22363518872538,0.016206970187285483,0.0015068990062428497,0.001,31050
346,153.14989427661962,153.14989427661962,0.016213576454880727,0.0015024525484960247,0.001,31140
347,153.14989427661962,167.3450683469665,0.016216218961918827,0.0015006739653972946,0.001,31230
348,153.14989427661962,159.58644656460424,0.016217275964734067,0.0014999625321578027,0.001,31320
349,153.14989427661962,164.9725155875783,0.016217698765860163,0.0015042287487980483,0.001,31410
350,153.14989427661962,167.01770797311443,0.016217867886310598,0.001506051112184771,0.001,31500
351,153.14989427661962,164.43659971121508,0.016217935534490774,0.0015067800575394598,0.001,31590
352,153.14989427661962,165.00355822395656,0.016217962593762843,0.0015070716356813355,0.001,31680
353,153.14989427661962,165.24543322483862,0.016217973417471672,0.0015071882669380856,0.001,31770
354,153.14989427661962,165.29791838252402,0.016217977746955204,0.0015072349194407858,0.001,31860
355,153.14989427661962,169.71217219316927,0.016217979478748618,0.0015072535804418654,0.001,31950
356,153.14989427661962,154.84191179172245,0.01621798017146598,0.0015072610448422978,0.001,32040
357,153.14989427661962,165.9765307351956,0.016217980448552927,0.0015072640306024703,0.001,32130
358,153.14989427661962,154.03073960779395,0.016217980559387706,0.0015072652249065394,0.001,32220
359,153.14989427661962,167.86872279081535,0.016217980603721618,0.0015072657026281673,0.001,32310
360,153.14989427661962,161.34408105978568,0.016217980621455182,0.0015072658937168183,0.001,32400
361,153.14989427661962,166.93146122039565,0.01621798062854861,0.0015072659701522786,0.001,32490
362,153.14989427661962,161.55825180130492,0.016217980631385978,0.001507266000726463,0.001,32580
363,153.14989427661962,165.72733291612417,0.016217980632520924,0.0015072660129561363,0.001,32670
364,153.14989427661962,157.15627287871166,0.016217980632974905,0.001507266017848006,0.001,32760
365,153.14989427661962,162.0946969256782,0.016217980633156496,0.001507266019804754,0.001,32850
366,153.14989427661962,167.1304292724992,0.016217980633229132,0.001507266020587453,0.001,32940
367,153.14989427661962,160.48499982923877,0.01621798063325819,0.0015072660209005326,0.001,33030
368,153.14989427661962,165.82047232035373,0.01621798063326981,0.0015072660210257646,0.001,33120
369,153.14989427661962,162.6473997622427,0.01621798063327446,0.0015072660210758574,0.001,33210
370,153.14989427661962,164.6336492102996,0.01621798063327632,0.0015072660210958943,0.001,33300
371,153.14989427661962,164.71856318638768,0.016217980633277063,0.0015072660211039091,0.001,33390
372,153.14989427661962,165.69916425127357,0.01621798063327736,0.001507266021107115,0.001,33480
373,153.14989427661962,154.43835662728435,0.01621798063327748,0.0015072660211083975,0.001,33570
374,153.14989427661962,164.16560232181016,0.016217980633277528,0.0015072660211089106,0.001,33660
375,153.14989427661962,168.0216633114939,0.016217980633277545,0.0015072660211091157,0.001,33750
376,153.14989427661962,159.82981619645992,0.016217980633277552,0.0015072660211091979,0.001,33840
377,153.14989427661962,163.0267676328064,0.016217980633277555,0.0015072660211092306,0.001,33930
378,153.14989427661962,167.15678400286214,0.016217980633277555,0.0015072660211092436,0.001,34020
379,153.14989427661962,162.38999515047757,0.016217980633277555,0.001507266021109249,0.001,34110
380,153.14989427661962,161.70923388362786,0.016217980633277555,0.0015072660211092508,0.001,34200
381,153.14989427661962,153.89843942378653,0.016217980633277555,0.0015072660211092519,0.001,34290
382,153.14989427661962,167.9754971059579,0.016217980633277555,0.001507266021109252,0.001,34380
383,153.14989427661962,162.3905847247422,0.016217980633277555,0.001507266021109252,0.001,34470
384,153.14989427661962,168.1647001875101,0.016217980633277555,0.0015072660211092525,0.001,34560
385,153.14989427661962,165.38446919433127,0.016217980633277555,0.0015072660211092525,0.001,34650
386,153.14989427661962,163.11868002493765,0.016217980633277555,0.0015072660211092525,0.001,34740
387,153.14989427661962,159.42050831774066,0.016217980633277555,0.0015072660211092525,0.001,34830
388,153.14989427661962,166.9016478764524,0.016217980633277555,0.0015072660211092525,0.001,34920
389,153.14989427661962,167.1115702847465,0.016217980633277555,0.0015072660211092525,0.001,35010
390,153.14989427661962,156.0509671644083,0.016217980633277555,0.0015072660211092525,0.001,35100
391,153.14989427661962,165.74078802975183,0.016217980633277555,0.0015072660211092525,0.001,35190
392,153.14989427661962,173.96444083168922,0.016217980633277555,0.0015072660211092525,0.001,35280
393,153.14989427661962,157.00087724946616,0.016217980633277555,0.0015072660211092525,0.001,35370
394,153.14989427661962,162.44832638343755,0.016217980633277555,0.0015072660211092525,0.001,35460
395,153.14989427661962,153.459827004211,0.016217980633277555,0.0015072660211092525,0.001,35550
396,153.14989427661962,163.07536836310715,0.016217980633277555,0.0015072660211092525,0.001,35640
397,153.14989427661962,161.3760373413286,0.016217980633277555,0.0015072660211092525,0.001,35730
398,153.14989427661962,164.35169854072,0.016217980633277555,0.0015072660211092525,0.001,35820
399,153.14989427661962,166.4369300076996,0.016217980633277555,0.0015072660211092525,0.001,35910
400,153.14989427661962,169.18463470051245,0.016217980633277555,0.0015072660211092525,0.001,36000
